{
    "ApptStatus": "ApptStatus",
    "VisitDate": "VisitDate",
    "VisitStartTime": "VisitStartTime",
    "Duration": "Duration",
    "Color": "Color",
    "ProviderId": "ProviderId",
    "Notes": "Notes",
    "VisitNote": "VisitNote",
    "FacilityCode": "FacilityCode",
    "ColumnHeading": "ColumnHeading",
    "LastName": "LastName",
    "FirstName": "FirstName",
    "MiddleName": "MiddleName",
    "Address1": "Address1",
    "Address2": "Address2",
    "Zip": "Zip",
    "City": "City",
    "State": "State",
    "OfficePhone": "OfficePhone",
    "HomePhone": "HomePhone",
    "OtherPhone": "OtherPhone",
    "OtherType": "OtherType",
    "Email": "Email",
    "DOB": "DOB",
    "Sex": "Sex",
    "Language": "Language"
}